filename,repo_id,resource_id
birkinbine2-lehigh.xml,7,214
lehigh-lcnc.xml,3,136
M0001.xml,3,138
MS0002.xml,3,157
MS0047.xml,3,154
MS0052.xml,3,313
MS0095.xml,3,455
MS0097.xml,3,306
MS0100.xml,3,416
MS0120.xml,3,136
MS0135_ead.xml,3,405
MS0165.xml,7,217
MS0169.xml,3,110
MS0173.xml,3,111
MS0175.xml,7,218
MS0202.xml,3,125
MS0241.xml,3,424
MS0263.xml,7,215
MS0270.xml,3,434
MS0275.xml,3,349
MS0295.xml,3,174
MS0296.xml,3,422
MS0356.xml,3,389
MS0360_ead.xml,3,392
MS0363.xml,3,556
MS0364.xml,3,555
MS0365.xml,3,529
MS0366.xml,3,528
MS0367.xml,3,404
MS0368.xml,3,527
MS0369.xml,3,419
MS0370.xml,3,438
MS0371.xml,3,530
MS0372.xml,3,442
MS0373.xml,3,448
MS0374.xml,3,456
MS0375.xml,3,486
MS0376.xml,3,525
MS0377.xml,3,487
MS0378.xml,3,524
MS0380.xml,3,524
MS0381.xml,3,497
MS0382.xml,3,532
MS0395.xml,3,554
MS0402.xml,3,542
MS0407.xml,3,549
SCPH0002.xml,3,147
SCPH0013.xml,7,219
SCPH0026.xml,7,220
